name,city,state,url,why_ranked,contact_url,email,personalization_angle,status,verified_emails,crawled_urls
Peached Social House,Austin,TX,https://www.peachedsocialhouse.com,Private event venue with planner-driven inquiry funnel,https://www.peachedsocialhouse.com/contact,,Mention private events/weddings and value of capacity/pricing clarity,draft,info@peachedsocialhouse.com,https://www.peachedsocialhouse.com;https://www.peachedsocialhouse.com/social-events;https://www.peachedsocialhouse.com/corporate-events;https://www.peachedsocialhouse.com/contact
Springdale Station,Austin,TX,https://www.springdalestation.com,Independent Austin wedding/event venue,https://www.springdalestation.com/contact,,Mention restored station/event venue and inquiry CTA,draft,manager@springdalestation.com;sales@springdalestation.com,https://www.springdalestation.com;https://www.springdalestation.com/contact;https://www.springdalestation.com/weddings;https://www.springdalestation.com/events;https://springdalestation.com/contact
The Cathedral ATX,Austin,TX,https://www.thecathedralatx.com,Gallery/event venue with rentals,https://www.thecathedralatx.com/contact,,Mention art-forward venue shoppers need fast rental details,draft,experience@thecathedralatx.com;info@thecathedralatx.com,https://www.thecathedralatx.com;https://www.thecathedralatx.com/pages/private-events;https://www.thecathedralatx.com/pages/weddings-at-the-cathedral;https://thecathedralatx.com/pages/cathedral-events;https://www.thecathedralatx.com/pages/contact-us;https://www.thecathedralatx.com/pages/cathedral-events
Vuka,Austin,TX,https://vuka.co,Multiple event spaces and meeting buyers,https://vuka.co/contact,,Mention multi-location event inquiries and quote funnel,draft,connect@vuka.co,https://vuka.co
Distribution Hall,Austin,TX,https://www.distributionhall.com,Large event venue likely sells private/corporate bookings,https://www.distributionhall.com/contact,,Mention corporate/event season and above-fold CTA,draft,hello@distributionhall.com,https://www.distributionhall.com
Brazos Hall,Austin,TX,https://www.brazoshall.com,Well-known downtown event venue,https://www.brazoshall.com/contact,,Mention planner decision info and tour request,draft,,https://www.brazoshall.com
The Allan House,Austin,TX,https://www.allanhouse.com,Wedding/event venue with competitive shopper traffic,https://www.allanhouse.com/contact,,Mention wedding inquiry leakage and response path,draft,events@allanhouse.com,https://www.allanhouse.com;https://allanhouse.com/events/weddings/;https://allanhouse.com/events/events/;https://allanhouse.com/events/winter-tent/;https://allanhouse.com/intimate-events-elopements/;https://allanhouse.com/contact/
Barr Mansion,Austin,TX,https://www.barrmansion.com,Wedding venue with high-value inquiries,https://www.barrmansion.com/contact,,Mention package/capacity clarity for engaged couples,draft,info@barrmansion.com,https://www.barrmansion.com;https://www.barrmansion.com/weddings;https://www.barrmansion.com/corporate-events-about;https://www.barrmansion.com/contact;https://www.barrmansion.com/events;https://barrmansion.com/weddings
Umlauf Sculpture Garden & Museum,Austin,TX,https://www.umlaufsculpture.org,Venue rentals at museum/garden,https://www.umlaufsculpture.org/contact,,Mention rentals page can convert gala/wedding planners,draft,UMLAUFVenueTours@umlaufsculpture.org;umlaufsculpture@gmail.com,https://www.umlaufsculpture.org;https://www.umlaufsculpture.org/venue;https://www.umlaufsculpture.org/weddings;https://www.umlaufsculpture.org/private-events
South Congress Hotel,Austin,TX,https://southcongresshotel.com,Boutique hotel with event/wedding inquiries,https://southcongresshotel.com/contact,,Mention hotel event funnel and planner block,draft,concierge@southcongresshotel.com;info@southcongresshotel.com;reservations@southcongresshotel.com;sales@southcongresshotel.com,https://southcongresshotel.com;https://southcongresshotel.com/contact;https://southcongresshotel.com/event-spaces;https://southcongresshotel.com/weddings
Fair Market,Austin,TX,https://www.fairmarketaustin.com,Event venue with quote/tour demand,https://www.fairmarketaustin.com/contact,,Mention big-room corporate/event planner conversion,draft,,https://www.fairmarketaustin.com;https://www.fairmarketaustin.com/book-now
The Riley Building,Austin,TX,https://www.therileybuilding.com,Private event venue,https://www.therileybuilding.com/contact,,Mention venue page friction audit,draft,,https://www.therileybuilding.com
Camino Real Ranch,Dale,TX,https://www.caminorealranch.com,Destination wedding/event venue near Austin,https://www.caminorealranch.com/contact,,Mention destination venue shoppers compare details quickly,draft,contact@caminorealranch.com;jvalenza@caminorealranch.com,https://www.caminorealranch.com;https://www.caminorealranch.com/contact
Prospect House,Dripping Springs,TX,https://www.prospecthousetx.com,Hill Country wedding/event venue,https://www.prospecthousetx.com/contact,,Mention capacity/pricing CTA for wedding shoppers,draft,events@prospecthousetx.com;events@theaddisongrove.com,https://www.prospecthousetx.com;https://www.prospecthousetx.com/all-inclusive-weddings;https://www.prospecthousetx.com/private-events;https://www.prospecthousetx.com/hosted-events;https://www.prospecthousetx.com/contact;https://www.prospecthousetx.com/WEDDINGSOLD
Mae's Ridge,Johnson City,TX,https://www.maesridge.com,Hill Country wedding/event venue,https://www.maesridge.com/contact,,Mention high-intent wedding planner flow,draft,info@maesridge.com,https://www.maesridge.com;https://www.maesridge.com/questions-about-maes-ridge-wedding-venue;https://www.maesridge.com/contact
The Arlo,Dripping Springs,TX,https://www.thearloevents.com,Event venue selling weddings/corporate events,https://www.thearloevents.com/contact,,Mention tour/availability CTA,draft,%20info@thearloevents.com;info@thearloevents.com,https://www.thearloevents.com;https://thearloevents.com/venue/;https://thearloevents.com/contact-us/;https://thearloevents.com/the-arlo-wedding-venue-video-tour/;https://thearloevents.com/tour-the-arlo-austin-wedding-venue/;https://thearloevents.com/category/austin-wedding-venue/
Villa at the Vineyard,Driftwood,TX,https://www.villaatthevineyard.com,Wedding venue near Austin,https://www.villaatthevineyard.com/contact,,Mention wedding inquiry readiness,draft,,https://www.villaatthevineyard.com;https://www.villaatthevineyard.com/weddings;https://www.villaatthevineyard.com/contact
Mercury Hall,Austin,TX,https://www.mercuryhall.com,Historic event/wedding venue,https://www.mercuryhall.com/contact,,Mention historic venue private events funnel,draft,,https://www.mercuryhall.com
The LINE Austin,Austin,TX,https://www.thelinehotel.com/austin,Hotel with weddings/events,https://www.thelinehotel.com/austin/meetings-events/,,Mention hotel meetings/events inquiry clarity,draft,info@thelinehotel.com;sample@cendyn.com,https://www.thelinehotel.com/austin;https://www.thelinehotel.com/events/;https://www.thelinehotel.com/los-angeles/events/;https://www.thelinehotel.com/los-angeles/meetings-events/;https://www.thelinehotel.com/los-angeles/weddings/;https://www.thelinehotel.com/dc/events/
Hotel Ella,Austin,TX,https://www.hotelella.com,Boutique hotel event venue,https://www.hotelella.com/meetings-events/,,Mention private events/weddings planner information,draft,,https://www.hotelella.com
