name,city,state,url,why_ranked,contact_url,email,personalization_angle,status
Peached Social House,Austin,TX,https://www.peachedsocialhouse.com,Private event venue with planner-driven inquiry funnel,https://www.peachedsocialhouse.com/contact,,Mention private events/weddings and value of capacity/pricing clarity,draft
Springdale Station,Austin,TX,https://www.springdalestation.com,Independent Austin wedding/event venue,https://www.springdalestation.com/contact,,Mention restored station/event venue and inquiry CTA,draft
The Cathedral ATX,Austin,TX,https://www.thecathedralatx.com,Gallery/event venue with rentals,https://www.thecathedralatx.com/contact,,Mention art-forward venue shoppers need fast rental details,draft
Vuka,Austin,TX,https://vuka.co,Multiple event spaces and meeting buyers,https://vuka.co/contact,,Mention multi-location event inquiries and quote funnel,draft
Distribution Hall,Austin,TX,https://www.distributionhall.com,Large event venue likely sells private/corporate bookings,https://www.distributionhall.com/contact,,Mention corporate/event season and above-fold CTA,draft
Brazos Hall,Austin,TX,https://www.brazoshall.com,Well-known downtown event venue,https://www.brazoshall.com/contact,,Mention planner decision info and tour request,draft
The Allan House,Austin,TX,https://www.allanhouse.com,Wedding/event venue with competitive shopper traffic,https://www.allanhouse.com/contact,,Mention wedding inquiry leakage and response path,draft
Barr Mansion,Austin,TX,https://www.barrmansion.com,Wedding venue with high-value inquiries,https://www.barrmansion.com/contact,,Mention package/capacity clarity for engaged couples,draft
Umlauf Sculpture Garden & Museum,Austin,TX,https://www.umlaufsculpture.org,Venue rentals at museum/garden,https://www.umlaufsculpture.org/contact,,Mention rentals page can convert gala/wedding planners,draft
South Congress Hotel,Austin,TX,https://southcongresshotel.com,Boutique hotel with event/wedding inquiries,https://southcongresshotel.com/contact,,Mention hotel event funnel and planner block,draft
Fair Market,Austin,TX,https://www.fairmarketaustin.com,Event venue with quote/tour demand,https://www.fairmarketaustin.com/contact,,Mention big-room corporate/event planner conversion,draft
The Riley Building,Austin,TX,https://www.therileybuilding.com,Private event venue,https://www.therileybuilding.com/contact,,Mention venue page friction audit,draft
Camino Real Ranch,Dale,TX,https://www.caminorealranch.com,Destination wedding/event venue near Austin,https://www.caminorealranch.com/contact,,Mention destination venue shoppers compare details quickly,draft
Prospect House,Dripping Springs,TX,https://www.prospecthousetx.com,Hill Country wedding/event venue,https://www.prospecthousetx.com/contact,,Mention capacity/pricing CTA for wedding shoppers,draft
Mae's Ridge,Johnson City,TX,https://www.maesridge.com,Hill Country wedding/event venue,https://www.maesridge.com/contact,,Mention high-intent wedding planner flow,draft
The Arlo,Dripping Springs,TX,https://www.thearloevents.com,Event venue selling weddings/corporate events,https://www.thearloevents.com/contact,,Mention tour/availability CTA,draft
Villa at the Vineyard,Driftwood,TX,https://www.villaatthevineyard.com,Wedding venue near Austin,https://www.villaatthevineyard.com/contact,,Mention wedding inquiry readiness,draft
Mercury Hall,Austin,TX,https://www.mercuryhall.com,Historic event/wedding venue,https://www.mercuryhall.com/contact,,Mention historic venue private events funnel,draft
The LINE Austin,Austin,TX,https://www.thelinehotel.com/austin,Hotel with weddings/events,https://www.thelinehotel.com/austin/meetings-events/,,Mention hotel meetings/events inquiry clarity,draft
Hotel Ella,Austin,TX,https://www.hotelella.com,Boutique hotel event venue,https://www.hotelella.com/meetings-events/,,Mention private events/weddings planner information,draft
